{"filter":false,"title":"stamplay.json","tooltip":"/stamplay.json","undoManager":{"mark":11,"position":11,"stack":[[{"start":{"row":1,"column":15},"end":{"row":1,"column":16},"action":"remove","lines":["a"],"id":2}],[{"start":{"row":1,"column":14},"end":{"row":1,"column":15},"action":"remove","lines":["t"],"id":3}],[{"start":{"row":1,"column":13},"end":{"row":1,"column":14},"action":"remove","lines":["o"],"id":4}],[{"start":{"row":1,"column":12},"end":{"row":1,"column":13},"action":"remove","lines":["k"],"id":5}],[{"start":{"row":1,"column":12},"end":{"row":1,"column":13},"action":"insert","lines":["v"],"id":6}],[{"start":{"row":1,"column":13},"end":{"row":1,"column":14},"action":"insert","lines":["a"],"id":7}],[{"start":{"row":1,"column":14},"end":{"row":1,"column":15},"action":"insert","lines":["i"],"id":8}],[{"start":{"row":1,"column":15},"end":{"row":1,"column":16},"action":"insert","lines":["s"],"id":9}],[{"start":{"row":1,"column":16},"end":{"row":1,"column":17},"action":"insert","lines":["h"],"id":10}],[{"start":{"row":1,"column":17},"end":{"row":1,"column":18},"action":"insert","lines":["u"],"id":11}],[{"start":{"row":2,"column":13},"end":{"row":2,"column":77},"action":"remove","lines":["35257e055e9764ab6da35be491445f053575233ff75bd1fbbd444b9cd3e8d96b"],"id":12}],[{"start":{"row":2,"column":13},"end":{"row":2,"column":77},"action":"insert","lines":["f943dc271498e7b36da4d2d849e50406a26f288e6f05fa72a6e8ed1c75e5784f"],"id":13}]]},"ace":{"folds":[],"scrolltop":0,"scrollleft":0,"selection":{"start":{"row":2,"column":77},"end":{"row":2,"column":77},"isBackwards":false},"options":{"guessTabSize":true,"useWrapMode":false,"wrapToView":true},"firstLineState":0},"timestamp":1507742228018,"hash":"b3654957a8dc80e44d5b6fc9078595424b8961ba"}